Deploy an operational AI model,"We have a tutorial called ""Deploy an operational AI model"" here: /knowledge-center/documentation/tutorials/deploy-an-operational-ai-model"
Can you tell me about Deploy an operational AI model,"We have a tutorial called ""Deploy an operational AI model"" here: /knowledge-center/documentation/tutorials/deploy-an-operational-ai-model"
Can you help me with Deploy an operational AI model,"We have a tutorial called ""Deploy an operational AI model"" here: /knowledge-center/documentation/tutorials/deploy-an-operational-ai-model"
I want to Deploy an operational AI model,"We have a tutorial called ""Deploy an operational AI model"" here: /knowledge-center/documentation/tutorials/deploy-an-operational-ai-model"
How can I Deploy an operational AI model,"We have a tutorial called ""Deploy an operational AI model"" here: /knowledge-center/documentation/tutorials/deploy-an-operational-ai-model"
Self sorting wardrobe,"We have a tutorial called ""Self sorting wardrobe"" here: /knowledge-center/documentation/tutorials/self-sorting-wardrobe"
Can you tell me about Self sorting wardrobe,"We have a tutorial called ""Self sorting wardrobe"" here: /knowledge-center/documentation/tutorials/self-sorting-wardrobe"
Can you help me with Self sorting wardrobe,"We have a tutorial called ""Self sorting wardrobe"" here: /knowledge-center/documentation/tutorials/self-sorting-wardrobe"
I want to Self sorting wardrobe,"We have a tutorial called ""Self sorting wardrobe"" here: /knowledge-center/documentation/tutorials/self-sorting-wardrobe"
How can I Self sorting wardrobe,"We have a tutorial called ""Self sorting wardrobe"" here: /knowledge-center/documentation/tutorials/self-sorting-wardrobe"
Movie review feelings,"We have a tutorial called ""Movie review feelings"" here: /knowledge-center/documentation/tutorials/movie-review-feelings"
Can you tell me about Movie review feelings,"We have a tutorial called ""Movie review feelings"" here: /knowledge-center/documentation/tutorials/movie-review-feelings"
Can you help me with Movie review feelings,"We have a tutorial called ""Movie review feelings"" here: /knowledge-center/documentation/tutorials/movie-review-feelings"
I want to Movie review feelings,"We have a tutorial called ""Movie review feelings"" here: /knowledge-center/documentation/tutorials/movie-review-feelings"
How can I Movie review feelings,"We have a tutorial called ""Movie review feelings"" here: /knowledge-center/documentation/tutorials/movie-review-feelings"
Classify text in any language,"We have a tutorial called ""Classify text in any language"" here: /knowledge-center/documentation/tutorials/classify-text-in-any-language"
Can you tell me about Classify text in any language,"We have a tutorial called ""Classify text in any language"" here: /knowledge-center/documentation/tutorials/classify-text-in-any-language"
Can you help me with Classify text in any language,"We have a tutorial called ""Classify text in any language"" here: /knowledge-center/documentation/tutorials/classify-text-in-any-language"
I want to Classify text in any language,"We have a tutorial called ""Classify text in any language"" here: /knowledge-center/documentation/tutorials/classify-text-in-any-language"
How can I Classify text in any language,"We have a tutorial called ""Classify text in any language"" here: /knowledge-center/documentation/tutorials/classify-text-in-any-language"
Car damage assessment,"We have a tutorial called ""Car damage assessment"" here: /knowledge-center/documentation/tutorials/car-damage-assessment"
Can you tell me about Car damage assessment,"We have a tutorial called ""Car damage assessment"" here: /knowledge-center/documentation/tutorials/car-damage-assessment"
Can you help me with Car damage assessment,"We have a tutorial called ""Car damage assessment"" here: /knowledge-center/documentation/tutorials/car-damage-assessment"
I want to Car damage assessment,"We have a tutorial called ""Car damage assessment"" here: /knowledge-center/documentation/tutorials/car-damage-assessment"
How can I Car damage assessment,"We have a tutorial called ""Car damage assessment"" here: /knowledge-center/documentation/tutorials/car-damage-assessment"
Book genre classification,"We have a tutorial called ""Book genre classification"" here: /knowledge-center/documentation/tutorials/book-genre-classification"
Can you tell me about Book genre classification,"We have a tutorial called ""Book genre classification"" here: /knowledge-center/documentation/tutorials/book-genre-classification"
Can you help me with Book genre classification,"We have a tutorial called ""Book genre classification"" here: /knowledge-center/documentation/tutorials/book-genre-classification"
I want to Book genre classification,"We have a tutorial called ""Book genre classification"" here: /knowledge-center/documentation/tutorials/book-genre-classification"
How can I Book genre classification,"We have a tutorial called ""Book genre classification"" here: /knowledge-center/documentation/tutorials/book-genre-classification"
Use AI to detect fraud,"We have a tutorial called ""Use AI to detect fraud"" here: /knowledge-center/documentation/tutorials/use-ai-to-detect-fraud"
Can you tell me about Use AI to detect fraud,"We have a tutorial called ""Use AI to detect fraud"" here: /knowledge-center/documentation/tutorials/use-ai-to-detect-fraud"
Can you help me with Use AI to detect fraud,"We have a tutorial called ""Use AI to detect fraud"" here: /knowledge-center/documentation/tutorials/use-ai-to-detect-fraud"
I want to Use AI to detect fraud,"We have a tutorial called ""Use AI to detect fraud"" here: /knowledge-center/documentation/tutorials/use-ai-to-detect-fraud"
How can I Use AI to detect fraud,"We have a tutorial called ""Use AI to detect fraud"" here: /knowledge-center/documentation/tutorials/use-ai-to-detect-fraud"
Detecting defects in mass produced parts,"We have a tutorial called ""Detecting defects in mass produced parts"" here: /knowledge-center/documentation/tutorials/detecting-defects-in-mass-produced-parts"
Can you tell me about Detecting defects in mass produced parts,"We have a tutorial called ""Detecting defects in mass produced parts"" here: /knowledge-center/documentation/tutorials/detecting-defects-in-mass-produced-parts"
Can you help me with Detecting defects in mass produced parts,"We have a tutorial called ""Detecting defects in mass produced parts"" here: /knowledge-center/documentation/tutorials/detecting-defects-in-mass-produced-parts"
I want to Detecting defects in mass produced parts,"We have a tutorial called ""Detecting defects in mass produced parts"" here: /knowledge-center/documentation/tutorials/detecting-defects-in-mass-produced-parts"
How can I Detecting defects in mass produced parts,"We have a tutorial called ""Detecting defects in mass produced parts"" here: /knowledge-center/documentation/tutorials/detecting-defects-in-mass-produced-parts"
Buy or not? Predict from tabular data,"We have a tutorial called ""Buy or not? Predict from tabular data"" here: /knowledge-center/documentation/tutorials/buy-or-not-/-predict-from-tabular-data"
Can you tell me about Buy or not? Predict from tabular data,"We have a tutorial called ""Buy or not? Predict from tabular data"" here: /knowledge-center/documentation/tutorials/buy-or-not-/-predict-from-tabular-data"
Can you help me with Buy or not? Predict from tabular data,"We have a tutorial called ""Buy or not? Predict from tabular data"" here: /knowledge-center/documentation/tutorials/buy-or-not-/-predict-from-tabular-data"
I want to Buy or not? Predict from tabular data,"We have a tutorial called ""Buy or not? Predict from tabular data"" here: /knowledge-center/documentation/tutorials/buy-or-not-/-predict-from-tabular-data"
How can I Buy or not? Predict from tabular data,"We have a tutorial called ""Buy or not? Predict from tabular data"" here: /knowledge-center/documentation/tutorials/buy-or-not-/-predict-from-tabular-data"
Fruit similarity search,"We have a tutorial called ""Fruit similarity search"" here: /knowledge-center/documentation/tutorials/find-similar-images-of-fruits"
Can you tell me about Fruit similarity search,"We have a tutorial called ""Fruit similarity search"" here: /knowledge-center/documentation/tutorials/find-similar-images-of-fruits"
Can you help me with Fruit similarity search,"We have a tutorial called ""Fruit similarity search"" here: /knowledge-center/documentation/tutorials/find-similar-images-of-fruits"
I want to Fruit similarity search,"We have a tutorial called ""Fruit similarity search"" here: /knowledge-center/documentation/tutorials/find-similar-images-of-fruits"
How can I Fruit similarity search,"We have a tutorial called ""Fruit similarity search"" here: /knowledge-center/documentation/tutorials/find-similar-images-of-fruits"
Text similarity search,"We have a tutorial called ""Text similarity search"" here: /knowledge-center/documentation/tutorials/find-similar-google-questions"
Can you tell me about Text similarity search,"We have a tutorial called ""Text similarity search"" here: /knowledge-center/documentation/tutorials/find-similar-google-questions"
Can you help me with Text similarity search,"We have a tutorial called ""Text similarity search"" here: /knowledge-center/documentation/tutorials/find-similar-google-questions"
I want to Text similarity search,"We have a tutorial called ""Text similarity search"" here: /knowledge-center/documentation/tutorials/find-similar-google-questions"
How can I Text similarity search,"We have a tutorial called ""Text similarity search"" here: /knowledge-center/documentation/tutorials/find-similar-google-questions"
Create a team mood dashboard with Slack data,"We have a tutorial called ""Create a team mood dashboard with Slack data"" here: /knowledge-center/documentation/tutorials/understand-the-mood-of-your-team-with-slack-data"
Can you tell me about Create a team mood dashboard with Slack data,"We have a tutorial called ""Create a team mood dashboard with Slack data"" here: /knowledge-center/documentation/tutorials/understand-the-mood-of-your-team-with-slack-data"
Can you help me with Create a team mood dashboard with Slack data,"We have a tutorial called ""Create a team mood dashboard with Slack data"" here: /knowledge-center/documentation/tutorials/understand-the-mood-of-your-team-with-slack-data"
I want to Create a team mood dashboard with Slack data,"We have a tutorial called ""Create a team mood dashboard with Slack data"" here: /knowledge-center/documentation/tutorials/understand-the-mood-of-your-team-with-slack-data"
How can I Create a team mood dashboard with Slack data,"We have a tutorial called ""Create a team mood dashboard with Slack data"" here: /knowledge-center/documentation/tutorials/understand-the-mood-of-your-team-with-slack-data"
Sales forecasting with spreadsheet integration,"We have a tutorial called ""Sales forecasting with spreadsheet integration"" here: /knowledge-center/documentation/tutorials/sales-forecasting-with-spreadsheet-integration"
Can you tell me about Sales forecasting with spreadsheet integration,"We have a tutorial called ""Sales forecasting with spreadsheet integration"" here: /knowledge-center/documentation/tutorials/sales-forecasting-with-spreadsheet-integration"
Can you help me with Sales forecasting with spreadsheet integration,"We have a tutorial called ""Sales forecasting with spreadsheet integration"" here: /knowledge-center/documentation/tutorials/sales-forecasting-with-spreadsheet-integration"
I want to Sales forecasting with spreadsheet integration,"We have a tutorial called ""Sales forecasting with spreadsheet integration"" here: /knowledge-center/documentation/tutorials/sales-forecasting-with-spreadsheet-integration"
How can I Sales forecasting with spreadsheet integration,"We have a tutorial called ""Sales forecasting with spreadsheet integration"" here: /knowledge-center/documentation/tutorials/sales-forecasting-with-spreadsheet-integration"
Integrate AI into Microsoft Excel for sales forecasting,"We have a tutorial called ""Integrate AI into Microsoft Excel for sales forecasting"" here: /knowledge-center/documentation/tutorials/integrate-ai-into-microsoft-excel-for-sales-forecasting"
Can you tell me about Integrate AI into Microsoft Excel for sales forecasting,"We have a tutorial called ""Integrate AI into Microsoft Excel for sales forecasting"" here: /knowledge-center/documentation/tutorials/integrate-ai-into-microsoft-excel-for-sales-forecasting"
Can you help me with Integrate AI into Microsoft Excel for sales forecasting,"We have a tutorial called ""Integrate AI into Microsoft Excel for sales forecasting"" here: /knowledge-center/documentation/tutorials/integrate-ai-into-microsoft-excel-for-sales-forecasting"
I want to Integrate AI into Microsoft Excel for sales forecasting,"We have a tutorial called ""Integrate AI into Microsoft Excel for sales forecasting"" here: /knowledge-center/documentation/tutorials/integrate-ai-into-microsoft-excel-for-sales-forecasting"
How can I Integrate AI into Microsoft Excel for sales forecasting,"We have a tutorial called ""Integrate AI into Microsoft Excel for sales forecasting"" here: /knowledge-center/documentation/tutorials/integrate-ai-into-microsoft-excel-for-sales-forecasting"
Integrate AI into Google Sheets for sales forecasting,"We have a tutorial called ""Integrate AI into Google Sheets for sales forecasting"" here: /knowledge-center/documentation/tutorials/integrate-ai-into-google-sheets-for-sales-forecasting"
Can you tell me about Integrate AI into Google Sheets for sales forecasting,"We have a tutorial called ""Integrate AI into Google Sheets for sales forecasting"" here: /knowledge-center/documentation/tutorials/integrate-ai-into-google-sheets-for-sales-forecasting"
Can you help me with Integrate AI into Google Sheets for sales forecasting,"We have a tutorial called ""Integrate AI into Google Sheets for sales forecasting"" here: /knowledge-center/documentation/tutorials/integrate-ai-into-google-sheets-for-sales-forecasting"
I want to Integrate AI into Google Sheets for sales forecasting,"We have a tutorial called ""Integrate AI into Google Sheets for sales forecasting"" here: /knowledge-center/documentation/tutorials/integrate-ai-into-google-sheets-for-sales-forecasting"
How can I Integrate AI into Google Sheets for sales forecasting,"We have a tutorial called ""Integrate AI into Google Sheets for sales forecasting"" here: /knowledge-center/documentation/tutorials/integrate-ai-into-google-sheets-for-sales-forecasting"
Build your own music critic,"We have a tutorial called ""Build your own music critic"" here: /knowledge-center/documentation/tutorials/build-your-own-music-critic"
Can you tell me about Build your own music critic,"We have a tutorial called ""Build your own music critic"" here: /knowledge-center/documentation/tutorials/build-your-own-music-critic"
Can you help me with Build your own music critic,"We have a tutorial called ""Build your own music critic"" here: /knowledge-center/documentation/tutorials/build-your-own-music-critic"
I want to Build your own music critic,"We have a tutorial called ""Build your own music critic"" here: /knowledge-center/documentation/tutorials/build-your-own-music-critic"
How can I Build your own music critic,"We have a tutorial called ""Build your own music critic"" here: /knowledge-center/documentation/tutorials/build-your-own-music-critic"
Verify images with Zapier and Peltarion,"We have a tutorial called ""Verify images with Zapier and Peltarion"" here: /knowledge-center/documentation/tutorials/verify-images-with-zapier-and-peltarion"
Can you tell me about Verify images with Zapier and Peltarion,"We have a tutorial called ""Verify images with Zapier and Peltarion"" here: /knowledge-center/documentation/tutorials/verify-images-with-zapier-and-peltarion"
Can you help me with Verify images with Zapier and Peltarion,"We have a tutorial called ""Verify images with Zapier and Peltarion"" here: /knowledge-center/documentation/tutorials/verify-images-with-zapier-and-peltarion"
I want to Verify images with Zapier and Peltarion,"We have a tutorial called ""Verify images with Zapier and Peltarion"" here: /knowledge-center/documentation/tutorials/verify-images-with-zapier-and-peltarion"
How can I Verify images with Zapier and Peltarion,"We have a tutorial called ""Verify images with Zapier and Peltarion"" here: /knowledge-center/documentation/tutorials/verify-images-with-zapier-and-peltarion"
Predict real estate prices,"We have a tutorial called ""Predict real estate prices"" here: /knowledge-center/documentation/tutorials/predict-real-estate-prices"
Can you tell me about Predict real estate prices,"We have a tutorial called ""Predict real estate prices"" here: /knowledge-center/documentation/tutorials/predict-real-estate-prices"
Can you help me with Predict real estate prices,"We have a tutorial called ""Predict real estate prices"" here: /knowledge-center/documentation/tutorials/predict-real-estate-prices"
I want to Predict real estate prices,"We have a tutorial called ""Predict real estate prices"" here: /knowledge-center/documentation/tutorials/predict-real-estate-prices"
How can I Predict real estate prices,"We have a tutorial called ""Predict real estate prices"" here: /knowledge-center/documentation/tutorials/predict-real-estate-prices"
Look deep into DNA,"We have a tutorial called ""Look deep into DNA"" here: /knowledge-center/documentation/tutorials/look-deep-into-dna"
Can you tell me about Look deep into DNA,"We have a tutorial called ""Look deep into DNA"" here: /knowledge-center/documentation/tutorials/look-deep-into-dna"
Can you help me with Look deep into DNA,"We have a tutorial called ""Look deep into DNA"" here: /knowledge-center/documentation/tutorials/look-deep-into-dna"
I want to Look deep into DNA,"We have a tutorial called ""Look deep into DNA"" here: /knowledge-center/documentation/tutorials/look-deep-into-dna"
How can I Look deep into DNA,"We have a tutorial called ""Look deep into DNA"" here: /knowledge-center/documentation/tutorials/look-deep-into-dna"
Skin cancer detection,"We have a tutorial called ""Skin cancer detection"" here: /knowledge-center/documentation/tutorials/skin-cancer-detection"
Can you tell me about Skin cancer detection,"We have a tutorial called ""Skin cancer detection"" here: /knowledge-center/documentation/tutorials/skin-cancer-detection"
Can you help me with Skin cancer detection,"We have a tutorial called ""Skin cancer detection"" here: /knowledge-center/documentation/tutorials/skin-cancer-detection"
I want to Skin cancer detection,"We have a tutorial called ""Skin cancer detection"" here: /knowledge-center/documentation/tutorials/skin-cancer-detection"
How can I Skin cancer detection,"We have a tutorial called ""Skin cancer detection"" here: /knowledge-center/documentation/tutorials/skin-cancer-detection"
How to Improve a model you have built on tabular data,"We have a tutorial called ""How to Improve a model you have built on tabular data"" here: /knowledge-center/documentation/tutorials/how-to-improve-a-model-that-uses-tabular-data"
Can you tell me about How to Improve a model you have built on tabular data,"We have a tutorial called ""How to Improve a model you have built on tabular data"" here: /knowledge-center/documentation/tutorials/how-to-improve-a-model-that-uses-tabular-data"
Can you help me with How to Improve a model you have built on tabular data,"We have a tutorial called ""How to Improve a model you have built on tabular data"" here: /knowledge-center/documentation/tutorials/how-to-improve-a-model-that-uses-tabular-data"
I want to How to Improve a model you have built on tabular data,"We have a tutorial called ""How to Improve a model you have built on tabular data"" here: /knowledge-center/documentation/tutorials/how-to-improve-a-model-that-uses-tabular-data"
How can I How to Improve a model you have built on tabular data,"We have a tutorial called ""How to Improve a model you have built on tabular data"" here: /knowledge-center/documentation/tutorials/how-to-improve-a-model-that-uses-tabular-data"
Kaggle competition with zero code,"We have a tutorial called ""Kaggle competition with zero code"" here: /knowledge-center/documentation/tutorials/kaggle-competition-with-zero-code"
Can you tell me about Kaggle competition with zero code,"We have a tutorial called ""Kaggle competition with zero code"" here: /knowledge-center/documentation/tutorials/kaggle-competition-with-zero-code"
Can you help me with Kaggle competition with zero code,"We have a tutorial called ""Kaggle competition with zero code"" here: /knowledge-center/documentation/tutorials/kaggle-competition-with-zero-code"
I want to Kaggle competition with zero code,"We have a tutorial called ""Kaggle competition with zero code"" here: /knowledge-center/documentation/tutorials/kaggle-competition-with-zero-code"
How can I Kaggle competition with zero code,"We have a tutorial called ""Kaggle competition with zero code"" here: /knowledge-center/documentation/tutorials/kaggle-competition-with-zero-code"
Writing style tutor,"We have a tutorial called ""Writing style tutor"" here: /knowledge-center/documentation/tutorials/writing-style-tutor"
Can you tell me about Writing style tutor,"We have a tutorial called ""Writing style tutor"" here: /knowledge-center/documentation/tutorials/writing-style-tutor"
Can you help me with Writing style tutor,"We have a tutorial called ""Writing style tutor"" here: /knowledge-center/documentation/tutorials/writing-style-tutor"
I want to Writing style tutor,"We have a tutorial called ""Writing style tutor"" here: /knowledge-center/documentation/tutorials/writing-style-tutor"
How can I Writing style tutor,"We have a tutorial called ""Writing style tutor"" here: /knowledge-center/documentation/tutorials/writing-style-tutor"
Denoising images,"We have a tutorial called ""Denoising images"" here: /knowledge-center/documentation/tutorials/denoising-images"
Can you tell me about Denoising images,"We have a tutorial called ""Denoising images"" here: /knowledge-center/documentation/tutorials/denoising-images"
Can you help me with Denoising images,"We have a tutorial called ""Denoising images"" here: /knowledge-center/documentation/tutorials/denoising-images"
I want to Denoising images,"We have a tutorial called ""Denoising images"" here: /knowledge-center/documentation/tutorials/denoising-images"
How can I Denoising images,"We have a tutorial called ""Denoising images"" here: /knowledge-center/documentation/tutorials/denoising-images"
Create a no-code app,"We have a tutorial called ""Create a no-code app"" here: /knowledge-center/documentation/tutorials/create-a-no-code-ai-app"
Can you tell me about Create a no-code app,"We have a tutorial called ""Create a no-code app"" here: /knowledge-center/documentation/tutorials/create-a-no-code-ai-app"
Can you help me with Create a no-code app,"We have a tutorial called ""Create a no-code app"" here: /knowledge-center/documentation/tutorials/create-a-no-code-ai-app"
I want to Create a no-code app,"We have a tutorial called ""Create a no-code app"" here: /knowledge-center/documentation/tutorials/create-a-no-code-ai-app"
How can I Create a no-code app,"We have a tutorial called ""Create a no-code app"" here: /knowledge-center/documentation/tutorials/create-a-no-code-ai-app"
Audio analysis for industrial maintenance,"We have a tutorial called ""Audio analysis for industrial maintenance"" here: /knowledge-center/documentation/tutorials/audio-analysis-for-industrial-maintenance"
Can you tell me about Audio analysis for industrial maintenance,"We have a tutorial called ""Audio analysis for industrial maintenance"" here: /knowledge-center/documentation/tutorials/audio-analysis-for-industrial-maintenance"
Can you help me with Audio analysis for industrial maintenance,"We have a tutorial called ""Audio analysis for industrial maintenance"" here: /knowledge-center/documentation/tutorials/audio-analysis-for-industrial-maintenance"
I want to Audio analysis for industrial maintenance,"We have a tutorial called ""Audio analysis for industrial maintenance"" here: /knowledge-center/documentation/tutorials/audio-analysis-for-industrial-maintenance"
How can I Audio analysis for industrial maintenance,"We have a tutorial called ""Audio analysis for industrial maintenance"" here: /knowledge-center/documentation/tutorials/audio-analysis-for-industrial-maintenance"
Classify customer complaints,"We have a tutorial called ""Classify customer complaints"" here: /knowledge-center/documentation/tutorials/classify-customer-complaints"
Can you tell me about Classify customer complaints,"We have a tutorial called ""Classify customer complaints"" here: /knowledge-center/documentation/tutorials/classify-customer-complaints"
Can you help me with Classify customer complaints,"We have a tutorial called ""Classify customer complaints"" here: /knowledge-center/documentation/tutorials/classify-customer-complaints"
I want to Classify customer complaints,"We have a tutorial called ""Classify customer complaints"" here: /knowledge-center/documentation/tutorials/classify-customer-complaints"
How can I Classify customer complaints,"We have a tutorial called ""Classify customer complaints"" here: /knowledge-center/documentation/tutorials/classify-customer-complaints"
Use Peltarion connector in Microsoft Power Apps,"We have a tutorial called ""Use Peltarion connector in Microsoft Power Apps"" here: /knowledge-center/documentation/tutorials/use-peltarion-connector-in-microsoft-powerapps"
Can you tell me about Use Peltarion connector in Microsoft Power Apps,"We have a tutorial called ""Use Peltarion connector in Microsoft Power Apps"" here: /knowledge-center/documentation/tutorials/use-peltarion-connector-in-microsoft-powerapps"
Can you help me with Use Peltarion connector in Microsoft Power Apps,"We have a tutorial called ""Use Peltarion connector in Microsoft Power Apps"" here: /knowledge-center/documentation/tutorials/use-peltarion-connector-in-microsoft-powerapps"
I want to Use Peltarion connector in Microsoft Power Apps,"We have a tutorial called ""Use Peltarion connector in Microsoft Power Apps"" here: /knowledge-center/documentation/tutorials/use-peltarion-connector-in-microsoft-powerapps"
How can I Use Peltarion connector in Microsoft Power Apps,"We have a tutorial called ""Use Peltarion connector in Microsoft Power Apps"" here: /knowledge-center/documentation/tutorials/use-peltarion-connector-in-microsoft-powerapps"
Shape up your Slack chaos,"We have a tutorial called ""Shape up your Slack chaos"" here: /knowledge-center/documentation/tutorials/shape-up-your-slack-chaos"
Can you tell me about Shape up your Slack chaos,"We have a tutorial called ""Shape up your Slack chaos"" here: /knowledge-center/documentation/tutorials/shape-up-your-slack-chaos"
Can you help me with Shape up your Slack chaos,"We have a tutorial called ""Shape up your Slack chaos"" here: /knowledge-center/documentation/tutorials/shape-up-your-slack-chaos"
I want to Shape up your Slack chaos,"We have a tutorial called ""Shape up your Slack chaos"" here: /knowledge-center/documentation/tutorials/shape-up-your-slack-chaos"
How can I Shape up your Slack chaos,"We have a tutorial called ""Shape up your Slack chaos"" here: /knowledge-center/documentation/tutorials/shape-up-your-slack-chaos"
